Date,Equity,Commodity,Bond,ETF
2020-01-01,0.010434283060224654,0.023454438688291036,0.007096777182930011,0.012075416142499566
2020-01-02,-0.002265286023423693,0.04803541601175326,0.004723168414563844,-0.007867785744928002
2020-01-03,0.01345377076201385,-0.03466418934547853,0.00039815184960087063,-0.011872983251334608
2020-01-04,0.030960597128160506,0.014374230917264271,-0.0031346838885278694,0.0003493831388357193
2020-01-05,-0.00418306749446672,-0.01596606422804568,0.00359111656806795,-0.0021527693378739264
2020-01-06,-0.004182739138983611,-0.011878134594117407,0.0020674269271087485,-0.006398420739909127
2020-01-07,0.03208425631014783,-0.01450984810597173,0.004575966100138661,0.010845811711850731
2020-01-08,0.015848694583058175,-0.021299769241995403,0.003275859008409848,0.014729578128557661
2020-01-09,-0.008889487718699043,0.0015130406986206748,0.005347763576596676,0.00172610329437771
2020-01-10,0.011351200871719293,-0.020473752910275946,-0.00257617605780284,0.022562951215828922
2020-01-11,-0.008768353856249245,0.007061420644495971,0.006686970328171628,-0.016725336712002575
2020-01-12,-0.008814595071405137,-0.000955952736228424,0.0010879980234619984,-0.0025048918891957717
2020-01-13,0.005339245431320683,-0.005673701171660244,0.010476304363126328,-0.010352334809042074
2020-01-14,-0.03776560489315596,-0.02238909155103995,-0.0033459390904478394,-0.027598049256095897
2020-01-15,-0.03399835665026066,-0.01411928326420832,0.008779819015826246,-0.0008402102876404887
2020-01-16,-0.010745750584819453,0.0191847806456439,0.0010895539173132389,-0.001426212625749253
2020-01-17,-0.019756622406688476,0.01282292969060952,-0.0031570900180722416,0.023101746148631964
2020-01-18,0.0067849466519054775,-0.024138881119963776,-0.002319429170271608,0.009862175268321663
2020-01-19,-0.017660481510424222,0.002783307635730647,-0.001501736540971601,-0.014962802364938074
2020-01-20,-0.027746074026705835,0.019084678084294728,0.002220829732009582,0.028211388495012823
2020-01-21,0.02981297537843108,-0.0414351320280343,0.002714177440177498,0.018715505432880294
2020-01-22,-0.004015526009730713,0.013884004809498376,-0.002768500019692895,0.009131465552029237
2020-01-23,0.0018505640937584767,-0.01626559397364617,-2.1772961304914202e-05,-0.002997261482747478
2020-01-24,-0.027994963724269135,0.014564966714828985,0.010811351793059318,-0.013991588550852193
2020-01-25,-0.010387654490503653,-0.018781478913562924,0.008737715850503557,-0.005183101641065793
2020-01-26,0.002718451794197322,-0.044822052516612976,0.0022816183483701604,0.016731229295562786
2020-01-27,-0.022519871548446056,-0.04038856094707907,0.00029001739084100143,0.02866879458901913
2020-01-28,0.00801396036691344,0.00150212366653455,0.0007001566335913065,0.02354865292408283
2020-01-29,-0.0115127737983761,0.006793062543037047,0.003167589863652083,-0.006932741326794111
2020-01-30,-0.005333874995865536,-0.022307915627610215,-0.005013962825992028,-0.016394261499335167
2020-01-31,-0.01153413224458794,0.01626481146943435,-0.0011868826871167257,0.002513293703668059
2020-02-01,0.03754556369017876,-0.041238001556724,-0.00824292036938795,-0.026126590483442774
2020-02-02,0.0002300555052413217,-0.0013519949661829143,0.0020961156130263965,0.005247515712771722
2020-02-03,-0.020654218579118,-0.029975404994061414,0.0033359796985137054,-0.0018140387944800302
2020-02-04,0.01695089824206378,-0.01599590269505398,-0.0023159323114968697,-0.006590547528023633
2020-02-05,-0.023916872999420444,0.0014849667829103504,0.007969933816450163,-0.02352054600900193
2020-02-06,0.004677271900095108,-0.021210334132098812,-0.006028828315011705,0.008104001598545747
2020-02-07,-0.038693402477595513,-0.009313888605745634,-0.0072218744010491,-0.00759051259492867
2020-02-08,-0.02606372097796861,0.025457320230361014,0.0012222590927998599,-0.01714875253565432
2020-02-09,0.00443722471738247,-0.014122296738078719,0.005335491513060773,-0.04268393319922474
2020-02-10,0.015269331599908209,0.021192302801628548,0.008519638457289343,-1.2723575759543788e-05
2020-02-11,0.00392736562379941,-0.027942671366440453,-0.0021944213143447002,0.02698377395004616
2020-02-12,-0.0018129656477648107,0.01354510444788207,0.005493404167156478,0.02531888821821805
2020-02-13,-0.005522073911785776,0.03633921551644751,-9.254234750353605e-05,-0.006456443848794078
2020-02-14,-0.02907043980734855,-0.06149111250318224,-0.0007631364997040982,-0.008633180905426708
2020-02-15,-0.013896884167894172,-0.019622381386761922,0.004518299687433362,0.007431613841125356
2020-02-16,-0.00871277541919575,0.014726803179513501,0.003361614392067098,-0.014575781587824372
2020-02-17,0.021642444524378315,-0.004776134651074818,-0.007781960784921247,0.00492687849729199
2020-02-18,0.0073723657913692285,0.00957864683428272,0.007482701748629479,0.011891204175770354
2020-02-19,-0.03476080310725468,-0.014799629667895515,0.007000456770737258,0.018803998358264615
2020-02-20,0.0069816793878959005,0.002464744686822498,-0.003027813507547647,-0.0011023111471992917
2020-02-21,-0.007201645608326331,-0.003591930884801987,0.002079017667187045,-0.002655106252654488
2020-02-22,-0.013038440006119175,0.029494551541495186,0.002570150931413694,-0.012769738801348416
2020-02-23,0.012733525776817358,0.006660521082530328,0.0014033688291195355,-0.012003205310597901
2020-02-24,0.02111999044991902,0.008740066551880055,-0.0026515257692271005,-0.002997183378522901
2020-02-25,0.019125602382323973,-0.009996924153061686,-0.003258116839690258,0.0059104826022426706
2020-02-26,-0.01628435046445277,-0.011890155601812339,-2.777035495722639e-05,0.014103769393498741
2020-02-27,-0.005684247517024291,-0.010513954695490524,0.005963645096296824,-0.011647684260205172
2020-02-28,0.00712526862807128,0.010161303559457421,0.0028180007729721617,0.022790328534392824
2020-02-29,0.020010902542447185,-0.010224612020506575,-0.0017530716604305299,-0.0036668540156385315
2020-03-01,-0.0090834847569058,0.007544371422410322,0.003958493553241724,7.949058477345768e-05
2020-03-02,-0.0032131795332763424,0.05218501996613596,-0.014142713103150378,-0.01080817518721735
2020-03-03,-0.021626699480120564,0.02207811758579231,0.005843828501860517,-0.03596360390409412
2020-03-04,-0.023424132481613416,-0.007850588304196028,-0.008598568893890499,0.013660680945415745
2020-03-05,0.01675051644788396,0.03033034805409862,-0.0017122047070156608,0.0114526584563865
2020-03-06,0.02762480057141646,-0.009901884325538785,-0.005498349473130719,-0.0038199133567732007
2020-03-07,-0.000940202431606677,-0.05065311337944635,-0.006373407378604528,0.0014048607583730787
2020-03-08,0.020570657957840483,-0.024902157772935102,0.005904133936892596,0.008139088265561492
2020-03-09,0.007732720500952683,-0.046469798025646394,-0.002238506006559457,-0.02303818785329814
2020-03-10,-0.012402395092102485,-0.008487837101032717,0.001832519408653579,-0.007535790160194422
2020-03-11,0.007727912110168279,0.0007604594797387925,-0.00013460289439592036,0.012313970194327407
2020-03-12,0.031260731329319384,0.04221093280688207,0.0024852041361156075,-0.01841434134753874
2020-03-13,-0.00021652078219903064,0.008473184344104066,0.0004841094553012768,0.004803368982499439
2020-03-14,0.031792873116280124,-0.0051775132202216065,-0.006314961120942849,-0.019948727069351076
2020-03-15,-0.05189490208179489,0.02103513952958723,0.0050813340972357,0.007396449736502895
2020-03-16,0.016938050087504476,-0.05497838272519713,-0.0023687829158065624,-0.00013462223446225347
2020-03-17,0.0022409413647634267,0.006190363952714149,-0.007682909493298755,-0.023826977238582642
2020-03-18,-0.005480147009317357,0.01957162984717417,-0.0020405758048295626,0.01787109031685757
2020-03-19,0.002335215530710046,-0.036664656144496044,0.007603798953171555,-0.010618873651970734
2020-03-20,-0.03925137829201786,0.028893851080173227,0.0043511087105674645,-0.01175378655521571
2020-03-21,-0.003893437756750239,0.008762410187360353,-0.001643260672039296,0.003408537958464143
2020-03-22,0.0076422514302349285,-0.010082197847520033,-0.001646288521592144,0.01762956024143073
2020-03-23,0.030057880894830323,0.01611954665265712,-0.001508175256086913,-0.014837327284675954
2020-03-24,-0.009865404365472948,0.0570673214451099,0.010483739917804205,0.0013251977477195748
2020-03-25,-0.015669872057863753,0.004846656376462379,0.002009677261157767,0.006832247504958594
2020-03-26,-0.009535140871690731,0.006505514657508402,0.002250208235955348,0.01079658410894716
2020-03-27,0.018808042354041484,-0.011184022488506104,0.005251417270159211,0.0030466233291583777
2020-03-28,0.00707502219319369,-0.020946109236619798,0.0012939457951325675,-0.005105417586249834
2020-03-29,-0.010095204075340777,0.02105839541360614,-0.0011952107291035156,-0.012013853309730795
2020-03-30,0.010765348662267122,-0.021102095647721683,-0.0008817492454248914,0.0016921582456956212
2020-03-31,0.0024415509869608076,0.0020891559304848117,-0.00025800629707031976,-0.015682085179784103
2020-04-01,0.019872899810657783,-0.011641436169127918,-8.611118254920796e-05,-0.04342025725241911
2020-04-02,-0.013541061877547047,0.0122744956436598,0.0037381477181848994,0.006948397062365017
2020-04-03,-0.006053242931955364,0.008641552632173711,0.0003597294290364972,0.013959022616292928
2020-04-04,-0.0073421630626431525,0.02623849860644749,0.003763200386077896,-0.035043986533127576
2020-04-05,-0.028770298962642372,-0.012450409971368679,-0.0003035829005429116,-0.014745960570649062
2020-04-06,0.006422405541291521,-0.006446873382334282,0.000493175951580453,0.009687313915077966
2020-04-07,0.005721105443597787,-0.024169092894557685,-0.00989100342266054,0.03126243204567548
2020-04-08,0.0006022691328492181,-0.010807331501902785,0.004681638373512407,0.0007119056151311183
2020-04-09,-0.004191742667502949,0.0097325123261213,0.0018324423794899634,-0.010520044118437013
2020-04-10,-0.027807414841008286,0.019224715416133797,0.005090050549298261,-0.0023434466165726023
2020-04-11,-0.007912906455307182,-0.022754133104440636,-0.014381276890968447,0.021023146287222773
2020-04-12,-0.00635429033053539,0.022040148002641504,0.010541873523903638,-0.00928946268686803
2020-04-13,-0.01554554538443238,0.03419094647012377,-0.0005979481407758688,-0.011587880099753802
2020-04-14,-0.002725714233320183,0.010635872580592521,0.005640914083687582,-0.006841152832730486
2020-04-15,0.008581017136290768,0.047219895313951654,-0.005099529635627655,-0.013899929123880685
2020-04-16,0.0382237180242106,-0.019044729977589325,0.0031638695253128485,0.0022400547399219328
2020-04-17,0.003991556256636779,-0.03081636758278543,-0.005167077815868281,0.024770176877043408
2020-04-18,0.00565100781445528,-0.04416800622260697,-0.0030188448034790256,0.005246189096740436
2020-04-19,-0.0009889183153233422,0.03770110778722958,0.00967015676933393,-0.003385302531894314
2020-04-20,-0.03787542430598083,0.016659141408851445,-0.000853412003816733,-0.003977169033733161
2020-04-21,-3.0277508984337565e-05,-0.0010896167727613769,0.0011871643658986145,-0.023047862130449855
2020-04-22,0.0017046041988205288,0.007299215657995507,0.0044503386534437694,0.013646646657207384
2020-04-23,0.049764842249705725,-0.027837226182459415,0.0025784094398630226,-0.0007675579551920305
2020-04-24,-0.0033472192956224504,0.06144379949042066,0.0008520945257178814,-0.0023071987038593847
2020-04-25,0.00653094684667225,0.0035305295493806878,0.0019248050123311254,0.048296613517672914
2020-04-26,-0.00019423539410486624,0.0030348698651223235,0.012117077926191376,0.004881293625485294
2020-04-27,-0.02287356075239064,0.018444165597467307,-0.00018809398516792696,-0.010876865751427765
2020-04-28,0.02335645629030041,0.012325230793417831,0.0011054952335748376,-0.005995363943083149
2020-04-29,0.015538660653735483,0.005897100606978284,0.00535327198003806,0.017626685637951323
2020-04-30,0.01632063894086094,-0.0194618613861328,0.00562762966478992,0.002099056158066467
2020-05-01,-0.017687749095894777,0.012086708928399893,0.006035151527801901,-0.0211741696747605
2020-05-02,0.028555886218721984,0.047350612411875846,0.003293651110145923,0.014188434018628052
2020-05-03,-0.027537021255845617,0.03393550115387444,-0.005615024563652418,-0.009622161283084909
2020-05-04,0.012237141876005405,0.040129665665984936,0.00826715766150548,0.028499466643263183
2020-05-05,0.044309112516199574,-0.012480391910779633,-0.00563172696509344,0.016600720985719727
2020-05-06,-0.019310726502613767,-0.024440120506464522,0.0016131773261951663,-0.0063098284348812655
2020-05-07,-0.010825954592055438,-0.0028446730024912037,-0.00367137925009679,0.01961524542602669
2020-05-08,0.0024930273017528246,0.0016931228072173652,-0.00022069173296496313,0.0014178326579110496
2020-05-09,-0.009569513082323984,0.027654787961773716,0.0017438120515174038,0.013191605126833294
2020-05-10,-0.030513268621322656,-0.04201161574287049,0.0017067860772513653,0.007670992259417121
2020-05-11,0.0018712594961205467,0.03853875798651534,0.0022096037711764236,-0.012295349824863102
2020-05-12,-0.0207460742745221,-0.0036501974644747356,0.008168556345293235,-0.009253247484761928
2020-05-13,0.009971848612703631,-0.010372026748685502,0.0023676715075698993,0.015849412263717416
2020-05-14,-0.01788848468467607,-0.025002609381504195,-0.001120783176453244,-0.004621629981598113
2020-05-15,0.0314986881003508,-0.04107141679664425,0.0049204358414417886,-0.00565472694862995
2020-05-16,-0.015165065846724743,0.020879264599047865,0.006047352444623203,-0.013926838690240294
2020-05-17,-0.005941230324113512,0.0021329491797100974,-0.006038039075684962,0.006753985983901915
2020-05-18,0.016770344347393395,-0.03194902249352635,0.0030870003492492904,0.03133787378864717
2020-05-19,-0.024117286328679106,-0.0320769693015904,0.0036058637115544915,-0.015612993713814093
2020-05-20,0.005049198692082589,-0.008094617482253206,-0.00138781751679996,0.000763291850091371
2020-05-21,0.02664285508564856,0.04202553813223483,0.006978534066558099,0.021583308331231437
2020-05-22,-0.03164966469122455,-0.00618978378409012,-0.0006502779351626358,-0.000794620868685728
2020-05-23,0.004192677170646085,-0.03727857382795266,0.0007278822673577131,0.007185576943746014
2020-05-24,0.005697655884968469,-0.005843576602148602,-0.0007653591214193481,-0.015535902922203195
2020-05-25,0.0161364574355462,-0.0065180892436917555,0.00017789523790733767,0.006824606458114729
2020-05-26,-0.02423901421756164,-0.0671221660735393,-0.005381375434476009,-0.002407163975068232
2020-05-27,-0.025909132261685525,-0.0010573716629453053,-0.007100254412971472,0.015185949935197944
2020-05-28,0.010938831312337954,-0.005473363255216949,0.008072525316124861,0.018210790773471264
2020-05-29,0.006439693464663721,0.01770515912033546,-0.004134806741591639,0.0392434546302792
2020-05-30,0.005509857006917533,0.04652390237363363,-0.004856961747281536,0.009094497598203634
2020-05-31,0.007428964189939517,0.028464125738693936,-0.010666950568018575,0.005286944748732497
2020-06-01,-0.013100494431569817,-0.006422217263870763,-0.0030948087384475116,0.0033157645236600404
2020-06-02,0.0051450739432200715,-0.027363147718541755,-0.006515448967037493,-0.004897494392160325
2020-06-03,0.006361449465973625,0.06463399508124651,0.008310075800681846,0.005477257651925367
2020-06-04,-0.013787028360527356,0.0017804608503622064,0.005149085446713171,-0.0040310211520854415
2020-06-05,0.03781549022289513,0.0006482322978236551,-0.003340751725888619,0.0029269146440442143
2020-06-06,0.009976658418235751,-0.000303127177750082,0.011362179026721543,0.020163963034119395
2020-06-07,-0.023326069944052973,0.005252119019196384,0.005008827434957971,-0.014698138479194616
2020-06-08,0.013631072172676595,-0.003309010298098569,-0.0015241569175431123,0.01749817841693568
2020-06-09,-0.01899363340454643,-0.014041550172005908,-0.012397028574367863,0.020156726010097978
2020-06-10,0.016241692074849042,-0.013371473531009804,0.011554712862953707,-0.001371027904866181
2020-06-11,0.023671911580148083,-0.0005188317553999598,-0.00684786233381798,-0.03142782348512892
2020-06-12,-0.01591364636703421,-0.013285619278344126,-0.00812699373478446,-0.008717329806416487
2020-06-13,0.019767522584886437,-0.01752114456692911,0.005212852160048202,0.019854918198416636
2020-06-14,0.008755618538729967,0.002960755692297421,0.012298762031696364,5.69790655167682e-05
2020-06-15,0.0169412031998898,-0.006074430435521381,0.007021364092552591,-0.014589533484423661
2020-06-16,0.03843585965307895,0.03789982471456721,0.002919545600261798,-0.007171623818423261
2020-06-17,-0.00440776232005741,-0.0659742452098253,0.00307377170832643,0.013009300397568296
2020-06-18,-0.014574723287149791,0.027587671298061545,0.004367077793901539,0.008601003523020689
2020-06-19,-0.017290288592510465,0.03145212981244073,0.003894642948933826,-0.0031839814875454175
2020-06-20,-0.015816205699308767,-0.05153475581020374,0.001505957119846879,-0.005102366177220317
2020-06-21,-0.0010420341882820823,-0.00826718985200872,0.0006210055197593804,-0.005476372235657328
2020-06-22,0.007323039496332871,-0.008986021649894788,-0.00021296563949761206,-0.013436152767477538
2020-06-23,0.006033815986600381,-0.034887792367945536,-0.0036698229443333816,0.024630635342041626
2020-06-24,0.017043664980720477,-0.019145417189771884,-0.0013033753843338703,-0.004434807038170098
2020-06-25,0.0007600378375581404,-0.02746439613664572,-0.008364784070976928,0.018657377812382445
2020-06-26,0.02957068154314634,0.04410676108559057,-0.00039169813397374947,0.02321974077883677
2020-06-27,-0.004793136664759122,0.02369195982868653,-0.004842955535754588,0.015374663472219404
2020-06-28,0.05490338333179238,0.03208887737485397,-0.0054179465860788555,-0.006074304690770726
2020-06-29,0.013013346955300124,0.018341801601080874,0.0009994707557673924,0.006455951355049142
2020-06-30,-0.01664315112832565,-0.027926294280430728,0.0070600114317229965,3.706590413625755e-05
2020-07-01,-0.020917849961222246,-0.012813006656994343,0.004691583030011566,-0.013155527910951922
2020-07-02,0.010149448304863706,0.012534364030697952,-0.007752503018115887,0.005265389225824045
2020-07-03,-0.003969255706517017,-0.030253195222298638,-0.0048481406828516874,-0.017285596867397036
2020-07-04,0.014780009881841838,0.018124960754309704,0.00480385593994108,0.018215190826923456
2020-07-05,0.009964752491470897,-0.005708134953953372,-0.004812436967691548,-0.006569259459475896
2020-07-06,-0.0009565782531374555,-0.009070520188739932,-0.001023165749985123,0.0034173948380925895
2020-07-07,-0.016435874361368098,0.018073999205087295,0.0028502604951227595,0.004649318073192132
2020-07-08,-0.029796944493717295,0.011406582787150999,-0.004741722274318177,-0.00348357460556116
2020-07-09,-0.008430299041340421,-0.008724154145476998,0.0006268775307297995,0.00920040702212912
2020-07-10,0.017627975886469447,0.029283245084106204,-0.006570127474591022,-0.006723554849337866
2020-07-11,0.004781874882604079,-0.026726583189997436,-0.002906838219756069,0.013469459461858662
2020-07-12,-0.02441477557423976,0.015698390173606594,0.0016989096707126852,-0.019789695203701226
2020-07-13,0.00396361851702364,0.015127531449209594,-0.007864968667658347,0.0022956936931961772
2020-07-14,0.008206347594576736,-0.007438660982849758,0.002302373689801995,0.02948393498587427
2020-07-15,-0.01717714872402266,0.00845332555605295,1.8110053665938714e-06,-0.01460496986908362
2020-07-16,0.0035745021189105583,-0.03097783940963258,0.00286244977208574,-0.009766174557872771
2020-07-17,0.0016641743689199979,0.023400675480172526,0.0012195706703233072,0.008108617744883724
2020-07-18,-0.02235940595661246,-0.004322553411074726,0.006920702149869221,0.003093726729093969
2020-07-19,0.007655747206965666,-0.012768075512975988,0.0007261225132395364,0.005659451489103388
2020-07-20,0.011715690527364687,0.026525230645922233,-0.0020470277056262648,0.007737806952214953
2020-07-21,0.02216102486350554,-0.017308592263568984,0.0007114875151614193,0.009920822028426549
2020-07-22,0.02157604104069806,-0.034911532409088994,0.002816490145181941,0.017045497629343348
2020-07-23,-0.027053387359141822,-0.03861572933809759,0.0003443003516285217,0.006547279853927688
2020-07-24,-0.018256500798302457,0.015450248783640992,0.00030295845601941194,-0.0032188648192781368
2020-07-25,0.010800705344173196,-0.03171073381240708,-0.003409958439033778,0.010488605518040966
2020-07-26,0.010775719018244177,0.04416985454960912,-0.003214504587754742,0.028898229023428222
2020-07-27,0.010800953726120957,-0.051748235197093054,-0.006913026358998468,-0.0015895061957386031
2020-07-28,0.07755462981309441,0.04271140920725096,0.008847883715934696,-0.014217939570059622
2020-07-29,0.01191781021386334,0.00557543668006546,-0.006119316176956426,0.01700621003930459
2020-07-30,0.02321131280361198,-0.0021178277967598097,-0.0033645259889795364,-0.0014057174593039734
2020-07-31,0.019580035269864047,-0.01332297717022374,-0.0034920363278459873,-0.03219004319021054
2020-08-01,0.01352782502611596,0.01027840285880177,0.004574621884722206,0.013111325157256324
2020-08-02,-0.005805384892806911,-0.0006408675606212095,-0.001374748391460139,-0.00762992278930884
2020-08-03,0.015679384409865344,0.02788254705041305,0.006338710363368669,-0.0009579992345624116
2020-08-04,-0.014956504290751436,0.003155691216550991,-0.0032674531212193427,0.005379704958535223
2020-08-05,-0.0042363721348001775,0.0040575440365469406,0.0014949708111190098,0.0032574951966859987
2020-08-06,-0.009207270956582069,-0.008790305305346397,-0.004076735266298787,0.011041777257085592
2020-08-07,0.0021374827877264514,-0.0011236405930266865,0.010825745638866941,-0.00613229555854765
2020-08-08,0.04679317133347018,0.007995044222301479,-0.0058379920951475645,0.00809658697264124
2020-08-09,-0.03684530385183497,-0.042454209816415636,0.0016491035511351376,-0.003493200163758758
2020-08-10,0.014225203807490271,-0.03340463555264283,0.0032688844046604927,0.011482157213312544
2020-08-11,-0.03175431742379304,0.018881602350567874,0.0021689954872574913,0.009630512260195801
2020-08-12,-0.00893863731578867,0.004571635953198547,-0.0008264382943885414,-0.013631580530668928
2020-08-13,0.022279011939347327,-0.004299583408816979,-0.0005491034986671308,0.01668973174262548
2020-08-14,0.0017856003819092553,0.0007608483266348289,0.00031905735989554797,-0.00763945167671072
2020-08-15,-0.021054895558586122,0.008989542634041777,-0.0006350100081424431,0.012520866974217176
2020-08-16,-0.013806074185199364,-0.013193992007734039,0.004919395583974548,0.005909309701020108
2020-08-17,0.014091954978693517,-0.019157618135057817,0.011152615007956756,0.027972755151926834
2020-08-18,-0.014107332634342733,0.005196131377442039,-0.0026874589250391687,-0.0029519897355777818
2020-08-19,0.004829171791639497,-0.024159319440375804,-0.00674901489789539,-0.004839751941772962
2020-08-20,0.0014114367980762755,0.010506318892861797,-0.000341410241756274,0.00010870591168401125
2020-08-21,-0.012532006952116337,-0.042264590105946014,0.01299854668827159,-0.004147696742514126
2020-08-22,0.043378881786506514,0.02602889093314109,-0.003918372839848654,0.01239912852913075
2020-08-23,0.013178380446360225,0.012114937060326075,0.008295584027220337,-0.023844659126548817
2020-08-24,-0.04000285173315214,0.006700743357846891,0.008488504070382203,-0.015405236287195314
2020-08-25,0.004229086295388553,0.02486727459863785,-0.002667941208539973,-0.015617043823687896
2020-08-26,-0.01273572929536776,0.041936861111564416,0.002944915395926377,0.014654613879603635
2020-08-27,0.01754866669592448,0.025659251625453263,0.008241983115642691,0.02605920058872888
2020-08-28,-0.015350414768654013,-0.04572185578329113,-0.0017956387049374355,-0.0011667382780620723
2020-08-29,-0.0017947288293379802,-0.03168942416839254,-0.0009179018005118089,-0.0021323258478501595
2020-08-30,0.010599745579609143,-0.015320464442391971,-0.0028084045697432188,0.0014507824466977205
2020-08-31,0.01781510388340243,0.0009522762552708447,-0.004973783653464335,0.017828174539122853
2020-09-01,-0.023505928141115524,0.013241475511728077,-0.0031463877253300357,-0.013510297012858611
2020-09-02,-0.006190024716818968,-0.017843595328836642,-0.006019701333811283,0.003975534741021777
2020-09-03,-0.008998906223219123,0.004969169111926958,0.0002704173412961303,0.015027964446736443
2020-09-04,-0.012566584651474238,-0.018584573308833063,-0.0037498661552932072,0.007916412549097675
2020-09-05,0.035809084805621935,-0.014987945074798706,0.0012689295589537386,0.0032437242489811507
2020-09-06,0.00859963421921911,-0.03486652742120556,-0.007679478231018137,0.015415691388507118
2020-09-07,-0.024717679086700903,-0.02278083115277261,0.0017544011610722853,-0.040148484394988554
2020-09-08,0.018857238941095523,-0.03349211514040834,0.0042676448080446235,0.010568129792963614
2020-09-09,0.04294312394025267,-0.02409683132443332,-0.009868678212857277,-0.009411135246911357
2020-09-10,0.02114930521102294,0.02664104491519599,0.001970282849237861,-0.027059493452846854
2020-09-11,-0.029887399319080268,-0.023434972220798576,0.0062383449623664615,0.00806803899287471
2020-09-12,-0.009184681457325027,0.06610955162093478,-0.0059482050934560275,0.021004878177444366
2020-09-13,0.025838222983732454,0.012632947522022231,0.008462861934188517,-0.0016617277194153775
2020-09-14,-0.013653389312375615,0.004920903092371848,0.002195095046830226,0.014693118208044075
2020-09-15,0.00937638856292457,-0.021158944504530333,-0.0034250592787920444,0.02458417386982968
2020-09-16,0.015992681068586735,0.01780774698522478,-0.00017884538828853003,0.02012371680376071
2020-09-17,-0.01803860943156166,-0.01409094565594435,0.002891634562608612,0.024999467940570893
2020-09-18,-0.0006905071212360016,0.0033502453661340362,0.0004800269570620575,0.011531912366078383
2020-09-19,-0.06432534680138145,0.06430211345671986,0.002793779962231846,0.001531504583523892
2020-09-20,-0.019987752826685797,-0.002101497493116247,-0.004503367965396831,-0.023629487178457528
2020-09-21,-0.004551363027863206,0.029031833157141897,0.00094680412018039,-0.0032909373219492267
2020-09-22,-0.02445566363929699,-0.017279410628147186,-0.006968572484524901,-0.01224869892974287
2020-09-23,0.03314822607863271,-0.0005747122624240426,-0.0004561303067435016,0.0329641407624672
2020-09-24,-0.028102827559212656,0.04457001589088775,-0.004419538207323949,-0.002238287186485049
2020-09-25,-0.008300889733939675,-0.015374176444694186,-0.003577649712948833,0.002248072101767286
2020-09-26,0.003114811545721827,0.04561121394992322,0.006280465876052187,0.008672280640607015
2020-09-27,0.02932546578132231,0.017993798386386886,0.005556550602971345,0.0010540366955868058
2020-09-28,-0.028217243023588787,-0.013761669397356692,0.003145690604535885,0.025825765606461295
2020-09-29,0.02376327504309919,0.01611019347638802,-0.005361563823362895,-0.008939740426016779
2020-09-30,0.000704661220391741,0.024613861240668243,-0.0014820422484740096,0.0033191118285586406
2020-10-01,-0.01913017302095902,0.015845249055429913,0.006165488499895917,-0.010737058785470724
2020-10-02,0.009742069485265415,-0.03895561799726141,0.0008085845681995237,-0.019400337668310588
2020-10-03,0.0044811939114694005,-0.017878429395621717,0.01169664769990847,-0.008776536363579281
2020-10-04,-0.011504337543175893,-0.005887965888787619,0.0020665891969718596,-0.00015555195572618027
2020-10-05,0.0018960416998003772,-0.0015608357275011572,0.001060245582450158,-0.006039533367758899
2020-10-06,-0.0072062719372351985,0.01581680243876695,-0.0014455823210125069,-0.009986314698107839
2020-10-07,0.00277034690502496,0.0047425250233313464,0.0007677045239114096,-0.020694761955077506
2020-10-08,0.013742613490420927,-0.03308360896775253,-0.0006623491819027174,-0.0008465835894304214
2020-10-09,0.032220336322907044,0.00980494627514908,0.0036405433834429523,-0.02217080561046503
2020-10-10,-0.02425630997653698,0.01556464363209558,0.0048835115839729205,0.011800839455344039
2020-10-11,0.04316066749312533,0.014294761198275996,-0.0038299473025397474,0.0016365962940175492
2020-10-12,-0.03854175599045004,0.027319518138865545,-0.00655616476778889,-0.021463272491973957
2020-10-13,-0.002535701900711665,0.021148053863722604,-0.009081026865516484,-0.004238136155747952
2020-10-14,0.012266344129691523,0.011779501980710918,0.0026399566345627185,-0.010882346083858747
2020-10-15,0.006119837354700655,-0.0014541427864661752,-0.005416833030869368,0.005187617656287707
2020-10-16,-0.011953990396411878,-0.041224023337899776,-0.010664452964762414,0.02050675669034717
2020-10-17,-0.0036624450071455067,0.011040455478314648,0.0020428930226548203,-0.027727587044686166
2020-10-18,-0.009360018693176661,0.0054921921790777786,0.012564997587163952,0.0021253911872112573
2020-10-19,-0.011287295138884235,0.007089470929884338,6.964544230053339e-05,-0.002001991933499605
2020-10-20,0.017492041940420498,-0.031618714395507744,0.004292453872258209,0.01047010114675698
2020-10-21,0.007640309719300947,-0.026726413510206562,0.0005091467927378251,0.003597949423565337
2020-10-22,-0.013358191905213085,0.02662882133332259,-0.00039444826595571333,-0.010879539976082285
2020-10-23,0.018491997508665016,-0.0006888788464163761,0.0046953824149388425,-0.004385809034999273
2020-10-24,0.006645990417532187,0.01733751743431561,-0.0013513727209432567,-0.011540387852052334
2020-10-25,0.016757242376779204,0.0010079594032614827,0.0014369615703595149,0.016540107078978974
2020-10-26,0.013092576838472245,0.001043903487393581,0.0017084890309800682,0.0007196747300791333
2020-10-27,-0.01607990021844145,0.023757095149399943,-0.003240452268215244,0.02891786028629511
2020-10-28,-0.010703620803939395,-0.012601118205434348,0.005060211747682614,-0.0005099122072193115
2020-10-29,0.015445872102465237,0.002703019423524586,-0.0007747987834770433,-0.010226101503656942
2020-10-30,0.012707405308669296,-0.01125688221762607,-0.0036787257974642234,-0.022305715889192407
2020-10-31,8.196812071703736e-05,-0.01056240568580789,0.0027825492178520177,-0.026647095143839176
2020-11-01,0.00284654766617564,-0.007429303086715985,-0.004392339908955187,-0.023362039145082347
2020-11-02,0.0260532979157685,0.005853344290842819,0.00024090578684564124,0.004406899765172251
2020-11-03,-0.011331427776716599,-0.011668715541586928,5.440501677898229e-05,0.008030875348449007
2020-11-04,0.011441947623400754,0.03169390313933802,0.0055294778291578904,-0.023317860530482
2020-11-05,-0.0035438530486778795,-0.0220651825554876,0.0024734911643997637,0.01382557471114173
2020-11-06,-0.0038536240645444075,-0.004371791104033977,-2.5134793725719584e-05,-0.006845915775251592
2020-11-07,0.022475537039743806,-0.010693276456854374,0.004188831496001436,0.0026018951797832403
2020-11-08,0.017008326979760596,0.03647444710884332,0.007051037745086567,0.024583309423831363
2020-11-09,0.01677019272001277,0.005213869412789366,0.002889051531759311,0.013852589737982979
2020-11-10,0.026609576143086584,0.026096113486715873,0.00015176309921690305,-0.0036279597185874843
2020-11-11,0.000920076832655181,-0.0368390093259243,-0.006459181161750798,-0.012967883381229312
2020-11-12,0.014139059425899278,0.0069762566467314715,-0.005225568315376863,-0.03187723101993957
2020-11-13,-0.005705335131869121,0.022540769890585927,-0.0014261235217733381,-0.010387299788636301
2020-11-14,0.006983327049768842,0.0023570997318856047,-0.002947561010796416,-0.0027669535824154158
2020-11-15,-0.0021028610873536917,0.02693700937663378,-0.00083485651492723,-0.014407692907267755
2020-11-16,0.002439919299854364,-0.012632211252509304,0.0003832496244855358,-0.0015688545063845707
2020-11-17,0.012403140508738272,0.0355336860046395,0.002748463771783654,0.0015527782443815231
2020-11-18,-0.015864413664669452,0.05777245309048126,-0.0002524938902954561,-0.002972839727121178
2020-11-19,0.042347745513709206,-0.008770964010991478,0.0025325082191310095,-0.009350038712351896
2020-11-20,-0.01962034762999404,-0.010837563035019296,0.0004223720740506012,0.002929820079500915
2020-11-21,-0.023783772255754645,0.036634611927942526,-0.009777332831769356,0.007029109743541135
2020-11-22,0.023662217470001357,0.03978930364326781,-0.0045966769690937714,-0.01595598616164269
2020-11-23,0.016333253879258717,-0.012771500678831708,-0.0006204377786080774,0.02156398569619405
2020-11-24,0.012982396341043104,-0.010204670427396438,-0.005948473714205538,-0.001078821984263926
2020-11-25,0.013066910185285599,-0.006744615221512685,0.0030996436499810226,0.000682744344172715
2020-11-26,0.0002550645430617075,-0.03331126277585693,0.0077537541617184865,0.01102321634884836
2020-11-27,-0.017445087429716632,-0.022666298662104956,0.0061938092584865835,0.0038982419689525265
2020-11-28,0.0020160911638745266,-0.024803519168801698,-0.00096721435465104,0.014697049508698675
2020-11-29,-0.013043234230242234,-0.018894939127603212,0.0075536306842497606,0.004706862478027363
2020-11-30,0.020002394668355024,-0.0005671221846695277,0.0008433372860105587,-0.008786560619606568
2020-12-01,-0.002441147630042773,0.006155368313413006,-0.0015854298555901985,0.005822552878091524
2020-12-02,-0.016009943935850233,0.039062512320351926,-0.002967013317704699,-0.016755893109809926
2020-12-03,-0.005927716833059869,-0.024658851018469777,-0.0014123484324406416,0.002028395586647847
2020-12-04,0.00875862908551249,0.024908059961914596,-0.0018408840927061439,-9.844985966691194e-05
2020-12-05,-0.0107744910560795,-0.005049721105637724,0.0009520811118774385,-0.0027217528590880954
2020-12-06,-0.015944407911328628,-0.0009365927413108235,0.0009028699052493229,-0.0015280626715839611
2020-12-07,0.005373744229838246,0.01717048730416509,0.00011523010076707236,-0.027827735682464584
2020-12-08,0.005399331422174455,-0.027768050539057468,0.002284690848731749,-0.007830873616114422
2020-12-09,-0.009638863507422596,0.009860243654601265,0.006053231373931707,0.0017926735171167206
2020-12-10,-0.008920766112366455,0.0044613052053264,0.004847770677206618,0.0027978458799610053
2020-12-11,0.005140998747152726,0.01261128160020372,-0.0073244898422495175,-0.015015127113889372
2020-12-12,-0.028461686829946483,0.007529216097695453,-0.012669605674509775,0.019385617612970505
2020-12-13,-0.027649275487531107,0.06168250349777236,0.004771599556196369,-0.01259262272321751
2020-12-14,-0.01386888442504872,-0.0156434996062829,-0.006734393492077106,0.014941858007901052
2020-12-15,-0.003768943034236945,-0.012974923875045442,-0.0010238270094634176,0.006807915428075273
2020-12-16,0.006718151311960092,-0.01527851316061911,-0.005750565130296798,-0.009293409647657043
2020-12-17,0.03000712433899104,-0.013586927979006368,-0.008909902187900099,0.027029663389142672
2020-12-18,0.017653192464040388,-0.015634678182662943,0.00280731364102394,-0.0175045524763472
2020-12-19,-0.0026987705992685424,0.030025413277688796,0.0038957758015132344,0.014187312604150022
2020-12-20,0.0001196758419462234,0.035812606199746376,-0.002782552003633597,0.015408734770644673
2020-12-21,-0.019550587292756178,-0.013968657343736908,-0.012855211460724549,-0.009659303136149672
2020-12-22,0.00012973728015220194,-0.02050888932760572,-0.0026312222412624136,0.02128697950096493
2020-12-23,-0.005273172778402758,0.012085388909660103,0.0020590200270127327,-0.0033506977189842915
2020-12-24,0.00695437120676179,-0.01350557610702429,-0.007294557843870643,0.004730404439197856
2020-12-25,-0.01604461887104646,0.01612329544388778,0.0010167995988957781,0.004304827581568311
2020-12-26,0.010886930284823446,0.005373075521282493,2.3450754135022215e-05,-0.0016146311220582169
2020-12-27,0.031154778260051554,-0.0375936028749308,0.002996457498005442,0.01256212409739673
2020-12-28,-0.001675202969137152,0.03898763003325154,0.0006979018420707663,0.012302330808283194
2020-12-29,0.00853423444197883,0.045196941827388044,-0.004765344704407777,-0.02582797959857271
2020-12-30,0.014302879834222251,-0.01501971726210965,0.006082857508322457,0.019965103643172288
2020-12-31,-0.007524409437716725,-0.009392538998399601,-0.0006926478651348501,-0.024537379820535114
2021-01-01,0.004981849636208335,0.007446634768122629,-3.65226975496593e-05,0.01588819306512486
2021-01-02,0.0007518480156358973,0.008661419749675629,-0.0045663397953659805,0.017300577052413748
2021-01-03,0.0024535219709766343,0.01676360681682076,-0.0021164112559575515,-0.015964496453227974
2021-01-04,-0.01496019567710933,0.050555113469158745,-0.0043240135701345045,-0.005762214319318772
2021-01-05,0.000990203485178854,-0.004123680687351235,-0.0007647302996171151,-0.016185570027289035
2021-01-06,0.01045996582490899,-0.019657431113461344,0.008658542400711719,-0.0028238154543310297
2021-01-07,0.029522872155900836,-0.034182980700363186,-0.0067595057146567815,-0.004220514262786118
2021-01-08,0.01968541652170414,-0.017973250998547977,-0.007967806989383706,0.012094907984040098
2021-01-09,0.04356364915023113,-0.0005281743218449274,0.007455851637468043,0.020054631191794133
2021-01-10,-0.01484695125776099,0.045163946587944696,-0.0009466183857593306,0.021335257161849343
2021-01-11,0.017946412734413563,-0.012640282475904286,-0.003245363693299583,-0.008032520398674532
2021-01-12,0.004166840114767035,0.005894698790972463,0.005299523436980382,-0.0027383281061679164
2021-01-13,0.044296058664353447,-0.00011057240181880192,-0.0029280776986843208,-0.02485157288331425
2021-01-14,-0.01566596570710303,0.0300098318362021,0.009230048567734682,-0.01168805099744283
2021-01-15,-0.01629443684361552,0.06347331064684054,0.0034896293566963454,0.014872774496461863
2021-01-16,-0.011487852908880443,-0.012971719323008018,-0.0023395570407285134,0.024633742353223475
2021-01-17,-0.04197791448619614,-0.011935986062955555,0.010886541066327518,-0.01811523307819883
2021-01-18,-0.01001510043361522,0.026404021926726803,-0.002928574615016692,-0.008486963887293413
2021-01-19,-0.014682653231073959,0.017347287240657785,0.003810476860046535,3.9136456160951485e-06
2021-01-20,0.0035078757295241526,0.04646768314340084,0.0015964629020324597,0.004602417382294095
2021-01-21,0.007335119515543189,0.014898204633149099,0.00660870644699399,-0.011744052798824692
2021-01-22,0.038023416784317726,-0.008682302269676489,0.007907555983634263,0.006760915666961346
2021-01-23,0.019508476763721007,0.015066370767307734,0.0002600207453288331,-0.006707590206063742
2021-01-24,-0.011038073113248063,0.028017589514572696,-0.0036670893517309175,0.00018321593682581348
2021-01-25,-0.01746829342696716,0.020812054529934107,0.002399860714695582,0.008594263720055494
2021-01-26,0.010338383430130115,0.012981850777682448,-0.0032885768487605307,0.0004963340471640672
2021-01-27,-0.025904664140412845,0.02696686723972885,0.010166936237633116,-0.006145788357898529
2021-01-28,0.03712917531708707,0.029532389761141822,0.0007826766554136872,-0.0012441470588874625
2021-01-29,0.02408880241442574,0.03485397477593818,-0.0017266077565605436,-0.0009254443880800308
2021-01-30,-0.008883513042094096,0.016517747189741066,0.001023401529324542,-0.00515016544823192
2021-01-31,-0.03376269058181756,-0.003877952007921359,-0.006635631447648483,-0.0034819409400065355
2021-02-01,0.027577447483308266,0.003967842160833071,-0.004758070192553258,0.024379707557570754
2021-02-02,-0.0017907969050523578,0.030462724162708923,0.006102069539722127,0.00881379171911858
2021-02-03,0.025256326239469235,-0.020123391774680904,-0.0031844713948569786,-0.004032204770437405
2021-02-04,-0.031388553175887346,0.00951683272182253,-0.005134554913409698,0.010854316067661034
2021-02-05,-0.011487500459075458,-0.009533470308184017,0.002783263762636431,-0.004607292346340149
2021-02-06,0.0006048739943636634,0.001018620573370437,0.006028520773314985,0.01799686956379962
2021-02-07,0.001439611875294841,0.03226129656518247,0.003694766553325334,0.005944632882971409
2021-02-08,-0.008501309429584873,0.005077476700497584,0.005080238429029082,-0.0012095321600634323
2021-02-09,0.012956998646949975,0.0014609137039037203,-0.003683975442847304,0.00711575388715416
2021-02-10,-0.02085240858765189,-0.033696403524497986,-0.007009053333709219,-0.023163142281027487
2021-02-11,-0.00234758970042587,0.01895633915068052,0.0076066682597774335,-0.016501512033647078
2021-02-12,0.0029059126342379773,0.016437104528526886,-0.0015133991942106787,-0.01750887509598583
2021-02-13,0.010788776681174981,0.05438136808263651,-0.0011541650822752367,0.0025441464214556015
2021-02-14,0.014732297561777791,-0.007394455873825014,0.00674097070924529,0.026387724992276377
2021-02-15,-0.02199284183675738,0.00577875819159847,0.0028811500470032995,0.033869502192889485
2021-02-16,-0.030182283414712446,0.006534592092768882,0.0023794388604080384,0.009970766521611357
2021-02-17,0.026053536437970183,0.03973633199408686,0.010925011724505421,0.007912667124166854
2021-02-18,0.007146280239591833,-0.0020823883096738028,-0.003117591151900715,-0.026615866012291083
2021-02-19,-0.014469730731131072,0.007275538144258481,0.004739200640406186,-0.0077401069960103255
2021-02-20,0.03152303951045046,0.015497412742913481,0.000385065624485423,-0.011416756278623583
2021-02-21,0.0028134926858571735,0.004965228078908953,0.0014429613943162869,-0.00891271397376674
2021-02-22,0.02408594368127653,-0.010860840363763207,0.007742342132062659,-0.0021221572787718432
2021-02-23,0.001850369628202179,0.00515224982245769,0.0026391787814481187,-0.0066813586654569075
2021-02-24,0.041714958497639745,0.027140793746494304,0.0027914803952481648,-0.029289497155636814
2021-02-25,0.03560681684886409,-0.025362882485276506,0.005462536686549011,0.011618653841763006
2021-02-26,-0.00447928296958147,0.0036242418536719,-0.0017247636477144266,-0.015691145386097095
2021-02-27,0.01993141901908711,-0.01720302037347933,-0.004096048336695032,0.003988702961667243
2021-02-28,0.013407518991702951,0.030176165723121064,-0.005124045970105168,0.031511240046249604
2021-03-01,0.027872631150646972,-0.03777967261959437,-0.00973178294688001,-0.01339076887379635
2021-03-02,-0.018798469211602088,-0.01367304618178971,0.01038103564970161,-0.037554312841194946
2021-03-03,0.014221029199968786,0.009730296876613023,-0.005416041828608416,-0.003890063328201662
2021-03-04,0.021668489736991755,0.03943810073085851,-0.00100626811792886,0.016914394524978567
2021-03-05,-0.03467478972846229,-0.0013437565268246952,-0.0012840664994446035,0.029775211813308906
2021-03-06,-0.023165170253315503,-0.013579988167329958,0.0016370334890455035,-0.01804324391678625
2021-03-07,-0.04028464355520201,0.04732892673601475,0.004178686062696483,0.007850488348547825
2021-03-08,-0.004888136688891153,-0.035900347510406105,0.004402367441798727,-0.0065796568517008
2021-03-09,0.014850845115919243,-0.05467014891550205,-0.0028153871928446924,-0.0011892253145620348
2021-03-10,0.030547141041920564,0.01130036125133331,-0.0007356085689320575,0.04006515020525552
2021-03-11,0.0019818956083955037,-0.01225135560881528,0.0015128997524414983,-0.022144554925927297
2021-03-12,0.03307231091142584,-0.025230820428267832,-0.0011434556309177354,0.004206094922418601
2021-03-13,-0.02710202916429783,0.018008911182483833,0.008136727880099963,0.007415397576481498
2021-03-14,-0.033567648787103097,0.006395017844279971,0.0025548747581912567,0.016686794874090208
2021-03-15,-0.0006109539779323756,-0.01380196576841821,0.0037743889302490874,0.0018697473020634315
2021-03-16,0.008181308978786146,-0.03170760996677236,0.0034144063433370637,0.005020758092561532
2021-03-17,-0.00015389496188186223,0.02211143320700362,0.005967369287426625,-0.005474728511326862
2021-03-18,-0.04084884200079753,0.016555029448966526,0.0010051077935185348,0.0044369041186766095
2021-03-19,-0.001282400790255768,-0.002179396594484573,-0.006384159739779233,-0.0047478841324611575
2021-03-20,-0.025589390010097066,0.04646592490119165,0.002098439758763208,0.009723578347840761
2021-03-21,0.013893450976600769,-0.026452119158153816,-0.003156784468959145,-0.005144155040654509
2021-03-22,0.007831964921936966,-0.03783812927311847,-0.002543083408748784,0.006056505908532797
2021-03-23,-0.018297595726547107,-0.01699770174703111,0.0030318200937754663,-3.8942205274675277e-05
2021-03-24,-0.00977733834673387,-0.0008396504088874452,0.006291415357168179,0.01729075376158252
2021-03-25,-0.020684270437779033,0.006383486233067296,0.00020635788368030827,-0.0003709058538272936
2021-03-26,-0.0007535819454634376,-0.005730901446408247,0.001644165062994819,-0.02619548702310322
2021-03-27,0.019602846410024764,0.00910138491285742,0.00861107472317619,0.019328822510709876
2021-03-28,-0.019214520926710874,-0.03098848560476111,0.0013037658974428413,-0.013185984512939283
2021-03-29,0.010580930310356888,0.03639411510183149,0.013108415570901975,-0.009406495079732298
2021-03-30,-0.010105152367448815,-0.0017537794598142208,0.002927548228157721,-0.008534919410652382
2021-03-31,-0.015357456645246884,0.0282323957897032,-0.008703813795779088,0.02101657139756226
2021-04-01,-0.0016406071990911566,0.008868133659442603,0.0038667081055226626,-0.03163511320968044
2021-04-02,-0.020204846448387482,0.011718830478844599,0.002005791924413889,0.04746622800489992
2021-04-03,-0.010572986106943641,0.014544182005805094,0.006548763770413729,0.016240852135990778
2021-04-04,-0.02345755785177697,0.01149271400043287,0.0034659067563497926,0.0037485837119373947
2021-04-05,0.039794502658327784,0.0163680689966886,-0.0005922799199188691,-0.0004234100092442958
2021-04-06,0.0012052710394345723,0.03352881325331079,-0.006021491181446828,0.004683311122864854
2021-04-07,-0.013494510159851708,0.005213029242536754,-0.000945116286430126,0.008216836425690077
2021-04-08,0.004779598214684439,0.01802509393971281,-0.004152602271046499,0.010078233789250858
2021-04-09,-0.0017465609938165927,-0.0019433923571806682,-0.0028026172490236137,0.008734066990051727
2021-04-10,-0.003919391990664452,0.036302930386236824,0.0030428920221030483,0.0017437102188287321
2021-04-11,0.012783334000868505,-0.016609807551481743,0.008449522521757031,-0.0025600763046098912
2021-04-12,0.015650154200946103,0.04532351082277039,0.0020733576491149056,-0.0018690992548026754
2021-04-13,-0.01011002295221055,-0.0007039487661085853,-0.005879415310175922,-0.002523624205290215
2021-04-14,-0.0110163648128936,-0.03546937755295121,0.0023230133411007037,0.01740655145300597
2021-04-15,-0.00500103394303288,0.003502610372769732,0.006083157433228256,0.009303350834212928
2021-04-16,-0.0455384232947117,-0.016726291436872022,-0.002948914521596911,-0.043705829519964205
2021-04-17,-0.029803821243971042,0.02131608872471811,-0.0005700858333645884,0.010238511647946414
2021-04-18,0.027837485348890488,-0.01601559948255978,0.00017344097364598547,0.0033210429207816226
2021-04-19,0.033399354270025675,-0.010854585830369494,-0.0038244915654112002,0.00011936865331153879
2021-04-20,-0.004480720791127567,-0.04693851827363828,0.003341402169219295,-0.005427776796333287
2021-04-21,0.012031139261115329,-0.011007657981226918,-0.0005047407430389078,0.017261690799790202
2021-04-22,0.006725003090870723,-0.06029698316572392,0.0021976622195351387,0.014612896931842867
2021-04-23,0.06207761616910475,-0.03929757058714309,-0.0043374608890105,-0.011193165017354137
2021-04-24,0.022891498228691534,0.019310366403607435,-0.0020872915016170524,0.006505784306868026
2021-04-25,-0.002058351829615331,0.019945003966270806,0.0037119067891388568,-0.014174851018119288
2021-04-26,-0.018610808812008516,0.01093643904462412,-0.001764165760458835,-0.020294272471833952
2021-04-27,-0.03162892640515145,-0.023874403578230327,0.008734819256167026,-0.009000758368849476
2021-04-28,0.004569272717344463,-0.0008927839035494965,-0.0018981809280730118,0.013335902085741381
2021-04-29,-0.014627014905686067,0.00020993652273578988,0.0012234236287594297,0.0146968756806413
2021-04-30,-0.027945074191953485,-0.02865911722981356,0.0047629541593654495,0.008096281301459394
2021-05-01,-0.012431457684850534,0.03788495754417877,-0.006991828664665158,0.011276436802719957
2021-05-02,-0.021130960072287906,0.022234057264391784,-0.00870404405990388,0.008142674306724376
2021-05-03,0.034242832701451294,-0.005224104345741599,-0.007528281572850474,-0.009222223928344283
2021-05-04,0.01813279513898901,0.0009721459748632695,0.00641292051713591,0.006878838170109109
2021-05-05,0.0003405471736676525,0.005509570198688812,-0.0026592907294622336,0.012406142878415237
2021-05-06,0.030098882777800526,-0.05074337171060727,0.012890996428341262,0.011714369947203616
2021-05-07,0.002047366152952366,-0.005879434563014924,-0.002721237993286943,0.018233700572119642
2021-05-08,-0.016725684026565275,-0.016749606199944964,0.0010227565159851848,0.011024557708015956
2021-05-09,0.030962481545393147,-0.024740500247372888,0.0078105497628393784,0.005671723113123743
2021-05-10,0.011278200873693174,-0.0067275073221488724,0.010130464440795614,0.01645225357474641
2021-05-11,-0.02024492308652913,0.04524216317123807,0.01040751788318199,2.181111264098938e-06
2021-05-12,-0.003306773561672164,0.01632107153167525,0.0061418311529657125,-0.012828119768415771
2021-05-13,-0.01701236506769515,-0.01397947474456992,0.005220312629057312,-0.0020460044591564582
2021-05-14,-0.027155994619286725,0.014614569533903965,0.0030626347460059157,-0.010773539672096736
